<?xml version="1.0" encoding="utf-8" ?>
<dwsync>
<file name="Andean-Picnic.JPG" server="ftp.fatcow.com" local="132819368152759752" remote="132212916000000000" Dst="0" />
<file name="Ausangate.jpg" server="ftp.fatcow.com" local="132819368157128938" remote="132212916000000000" Dst="0" />
<file name="Ceviche.jpg" server="ftp.fatcow.com" local="132819368163379932" remote="132212916000000000" Dst="0" />
<file name="Ausangate-andean-exclusive.jpg" server="ftp.fatcow.com" local="132819368165878354" remote="132360660000000000" Dst="0" />
<file name="Humantay 00.jpg" server="ftp.fatcow.com" local="132819368179080079" remote="132212916000000000" Dst="0" />
<file name="Corpus-Christi-Cusco-ESCLUSIVE.jpg" server="ftp.fatcow.com" local="132819368181259277" remote="132363252000000000" Dst="0" />
<file name="Humantay.jpg" server="ftp.fatcow.com" local="132819368182728048" remote="132212916000000000" Dst="0" />
<file name="Inti-Raymi-vista-aerea.jpg" server="ftp.fatcow.com" local="132819368193506372" remote="132374484000000000" Dst="0" />
<file name="Pachamama-andean-exclusive.jpg" server="ftp.fatcow.com" local="132819368194945773" remote="132407316000000000" Dst="0" />
<file name="INTI-RAYMI-FESTIVITY-exclusive.jpg" server="ftp.fatcow.com" local="132819368197011677" remote="132374484000000000" Dst="0" />
<file name="Picnic Andean Exclusive (7).JPG" server="ftp.fatcow.com" local="132819368207400263" remote="132212916000000000" Dst="0" />
<file name="Qoricancha-cusco.jpg" server="ftp.fatcow.com" local="132819368208740301" remote="132451380000000000" Dst="0" />
<file name="Picnic-lunch-peru.jpg" server="ftp.fatcow.com" local="132819368210720183" remote="132212916000000000" Dst="0" />
<file name="Sacsayhuaman.jpg" server="ftp.fatcow.com" local="132819368219070330" remote="132451380000000000" Dst="0" />
<file name="andean-exclusive-cusco-picnic.JPG" server="ftp.fatcow.com" local="132819368236760261" remote="132212916000000000" Dst="0" />
<file name="ausangate_3.jpg" server="ftp.fatcow.com" local="132819368241508452" remote="132212916000000000" Dst="0" />
<file name="barco-en-Iquitos.jpg" server="ftp.fatcow.com" local="132819368248877624" remote="132212916000000000" Dst="0" />
<file name="barco en Iquitos.jpg" server="ftp.fatcow.com" local="132819368250541256" remote="132212916000000000" Dst="0" />
<file name="camino-inca-peru.jpg" server="ftp.fatcow.com" local="132819368252010026" remote="132212916000000000" Dst="0" />
<file name="chiriuchu-andean-exclusive.jpg" server="ftp.fatcow.com" local="132819368261995300" remote="132363252000000000" Dst="0" />
<file name="chiriuchu.jpg" server="ftp.fatcow.com" local="132819368265665207" remote="132363252000000000" Dst="0" />
<file name="corpus-christy-bandas.jpg" server="ftp.fatcow.com" local="132819368267667165" remote="132363252000000000" Dst="0" />
<file name="corpus-cristy-SAN-CRISTOBAL-ANDEAN-EXCLUSIVE.jpg" server="ftp.fatcow.com" local="132819368274559636" remote="132363252000000000" Dst="0" />
<file name="corpus-cristy-patron-san-sebastian.jpg" server="ftp.fatcow.com" local="132819368278163526" remote="132363252000000000" Dst="0" />
<file name="cristo-blanco-cusco.jpg" server="ftp.fatcow.com" local="132819368281005108" remote="132451380000000000" Dst="0" />
<file name="cuesta-santa-ana.jpg" server="ftp.fatcow.com" local="132819368290649840" remote="132311412000000000" Dst="0" />
<file name="hatun-rumiyoc.jpg" server="ftp.fatcow.com" local="132819368292708822" remote="132451380000000000" Dst="0" />
<file name="inti-raymi-andean-exclusive.jpg" server="ftp.fatcow.com" local="132819368296364444" remote="132374484000000000" Dst="0" />
<file name="intiraymi-24-de-junio-tours-fiesta-del-sol.jpg" server="ftp.fatcow.com" local="132819368304137447" remote="132374484000000000" Dst="0" />
<file name="intiraymi-cusco-festivity.jpg" server="ftp.fatcow.com" local="132819368305978854" remote="132374484000000000" Dst="0" />
<file name="linea-nazca-mono.jpg" server="ftp.fatcow.com" local="132819368309411126" remote="132451380000000000" Dst="0" />
<file name="lineas-de-nazca.jpg" server="ftp.fatcow.com" local="132819368318194385" remote="132451380000000000" Dst="0" />
<file name="lineas-de-nasca-colibri.jpg" server="ftp.fatcow.com" local="132819368320722200" remote="132230196000000000" Dst="0" />
<file name="machu-picchu-exclusive.jpg" server="ftp.fatcow.com" local="132819368323607235" remote="132374484000000000" Dst="0" />
<file name="mercado-san-pedro.jpg" server="ftp.fatcow.com" local="132819368330459144" remote="132451380000000000" Dst="0" />
<file name="nazca-lines-frigate.jpg" server="ftp.fatcow.com" local="132819368332945304" remote="132451380000000000" Dst="0" />
<file name="nazca-lines-giant-bird.jpg" server="ftp.fatcow.com" local="132819368341114685" remote="132230196000000000" Dst="0" />
<file name="pachamama-ceremony-andean-exclusive.jpg" server="ftp.fatcow.com" local="132819368347044244" remote="132407316000000000" Dst="0" />
<file name="pacaya-samiria.jpg" server="ftp.fatcow.com" local="132819368349991637" remote="132451380000000000" Dst="0" />
<file name="pachamama-pago-a-la-tierra.jpg" server="ftp.fatcow.com" local="132819368354245290" remote="132407316000000000" Dst="0" />
<file name="pachamama-trilogia-inca.jpg" server="ftp.fatcow.com" local="132819368358905119" remote="132407316000000000" Dst="0" />
<file name="plaza-de-armas-cusco.jpg" server="ftp.fatcow.com" local="132819368366501508" remote="132451380000000000" Dst="0" />
<file name="plaza-san-blas-cusco.jpg" server="ftp.fatcow.com" local="132819368368164166" remote="132451380000000000" Dst="0" />
<file name="rainbow-mountain-tour.JPG" server="ftp.fatcow.com" local="132819368372047966" remote="132212916000000000" Dst="0" />
<file name="spider-araña-nazca.jpg" server="ftp.fatcow.com" local="132819368379857063" remote="132451380000000000" Dst="0" />
<file name="turismo-selva-peru.jpg" server="ftp.fatcow.com" local="132819368393581562" remote="132451380000000000" Dst="0" />
<file name="virgen-del-carmen-andean.jpg" server="ftp.fatcow.com" local="132819368404176018" remote="132393492000000000" Dst="0" />
<file name="virgen-del-carmen-andean-exclusive.jpg" server="ftp.fatcow.com" local="132819368406644742" remote="132515316000000000" Dst="0" />
<file name="virgen-del-carmen-danza-tipica.jpg" server="ftp.fatcow.com" local="132819368413086014" remote="132393492000000000" Dst="0" />
<file name="virgen-del-carmen-paucartambo.jpg" server="ftp.fatcow.com" local="132819368420590163" remote="132393492000000000" Dst="0" />
</dwsync>