<?xml version="1.0" encoding="utf-8" ?>
<dwsync>
<file name="Puerto-Maldonado-Peru.jpg" server="ftp.fatcow.com" local="132819369000000000" remote="132840604800000000" Dst="0" />
<file name="Tren-train-Hiram-bingham.jpg" server="ftp.fatcow.com" local="132819369000000000" remote="132840604800000000" Dst="0" />
<file name="Tours-en-machu-picchu-exclusive.jpg" server="ftp.fatcow.com" local="132819369000000000" remote="132840604800000000" Dst="0" />
<file name="arequipa-peru-tours-tour.jpg" server="ftp.fatcow.com" local="132819369020000000" remote="132840604200000000" Dst="0" />
<file name="contacte-andean-exclusive-tours.jpg" server="ftp.fatcow.com" local="132819369020000000" remote="132840604200000000" Dst="0" />
<file name="cusco-nigth-tour.jpg" server="ftp.fatcow.com" local="132819369020000000" remote="132840604200000000" Dst="0" />
<file name="hiking-in-peru.jpg" server="ftp.fatcow.com" local="132819369020000000" remote="132840604200000000" Dst="0" />
<file name="lima-peru-tour.jpg" server="ftp.fatcow.com" local="132819369020000000" remote="132840604200000000" Dst="0" />
<file name="llama-from-cusco.jpg" server="ftp.fatcow.com" local="132819369020000000" remote="132840604200000000" Dst="0" />
<file name="payment-options-pagos-en-linea.jpg" server="ftp.fatcow.com" local="132819369040000000" remote="132840604800000000" Dst="0" />
<file name="preguntas-frecuentes-faqs.jpg" server="ftp.fatcow.com" local="132819369040000000" remote="132840604800000000" Dst="0" />
<file name="machupicchu-tour.PNG" server="ftp.fatcow.com" local="132819369040000000" remote="132840604800000000" Dst="0" />
<file name="puno-peru-islands.jpg" server="ftp.fatcow.com" local="132819369040000000" remote="132840604800000000" Dst="0" />
<file name="reserve-su-destino-peru.jpg" server="ftp.fatcow.com" local="132819369060000000" remote="132840604800000000" Dst="0" />
<file name="terms-and-conditions-condiciones.jpg" server="ftp.fatcow.com" local="132819369060000000" remote="132840604800000000" Dst="0" />
<file name="testimonials-testimonios.jpg" server="ftp.fatcow.com" local="132819369060000000" remote="132840604800000000" Dst="0" />
<file name="urubamba-market.jpg" server="ftp.fatcow.com" local="132819369060000000" remote="132840604800000000" Dst="0" />
<file name="valle-sagrado-sacred-valley.jpg" server="ftp.fatcow.com" local="132819369060000000" remote="132840604800000000" Dst="0" />
</dwsync>