<?xml version="1.0" encoding="utf-8" ?>
<dwsync>
<file name="Hiram-bingham.JPG" server="ftp.fatcow.com" local="132819373720000000" remote="132840605400000000" Dst="0" />
<file name="Puerto-Maldonado-Perú.jpg" server="ftp.fatcow.com" local="132819369220000000" remote="132840605400000000" Dst="0" />
<file name="biking-cusco-tour.jpg" server="ftp.fatcow.com" local="132819369240000000" remote="132840605400000000" Dst="0" />
<file name="arequipa-peru.jpg" server="ftp.fatcow.com" local="132819369240000000" remote="132840605400000000" Dst="0" />
<file name="biking-tour-cusco.jpg" server="ftp.fatcow.com" local="132819369260000000" remote="132840605400000000" Dst="0" />
<file name="huacachina-tour-exclusive-peru.jpg" server="ftp.fatcow.com" local="132819369260000000" remote="132840605400000000" Dst="0" />
<file name="lima-peru-tour.jpg" server="ftp.fatcow.com" local="132819369260000000" remote="132840605400000000" Dst="0" />
<file name="puno-peru-islands.jpg" server="ftp.fatcow.com" local="132819369280000000" remote="132840605400000000" Dst="0" />
<file name="machupicchu.png" server="ftp.fatcow.com" local="132819369280000000" remote="132840605400000000" Dst="0" />
<file name="tren-en-peru-cusco.jpg" server="ftp.fatcow.com" local="132819369280000000" remote="132840605400000000" Dst="0" />
<file name="urubamba-market.png" server="ftp.fatcow.com" local="132819369300000000" remote="132840605400000000" Dst="0" />
<file name="valle-sagrado.jpg" server="ftp.fatcow.com" local="132819369300000000" remote="132840605400000000" Dst="0" />
<file name="Hiram-bingham.jpg" server="ftp.fatcow.com" local="132819373702464675" remote="132212916000000000" Dst="0" />
</dwsync>