<?xml version="1.0" encoding="utf-8" ?>
<dwsync>
<file name="David_jesus_miranda.jpg" server="ftp.fatcow.com" local="132819369080000000" remote="132840604800000000" Dst="0" />
<file name="David_jesus_miranda.png" server="ftp.fatcow.com" local="132819369080000000" remote="132840604800000000" Dst="0" />
<file name="Edith_dueñas.jpg" server="ftp.fatcow.com" local="132819369080000000" remote="132840604800000000" Dst="0" />
<file name="Edith_dueñas.jpg.png" server="ftp.fatcow.com" local="132819369100000000" remote="132840604800000000" Dst="0" />
<file name="Julio_humpire.jpg" server="ftp.fatcow.com" local="132819369100000000" remote="132840604800000000" Dst="0" />
<file name="Gabriela_Mora.png" server="ftp.fatcow.com" local="132819369100000000" remote="132840604800000000" Dst="0" />
<file name="Luisa_ancaypuro.jpeg" server="ftp.fatcow.com" local="132819369100000000" remote="132840604800000000" Dst="0" />
<file name="Merci_ortiz.jpg" server="ftp.fatcow.com" local="132819369100000000" remote="132840604800000000" Dst="0" />
<file name="Percy_sanchez.jpg" server="ftp.fatcow.com" local="132819369120000000" remote="132840604800000000" Dst="0" />
<file name="Yenny_chauchas.jpg" server="ftp.fatcow.com" local="132819369120000000" remote="132840604800000000" Dst="0" />
<file name="Walter_medina.jpg" server="ftp.fatcow.com" local="132819369120000000" remote="132840604800000000" Dst="0" />
<file name="carmen_espejo_miranda.jpg" server="ftp.fatcow.com" local="132819369120000000" remote="132840604800000000" Dst="0" />
</dwsync>