<?xml version="1.0" encoding="utf-8" ?>
<dwsync>
<file name="Belmond-hotel-Nazarenas.jpg" server="ftp.fatcow.com" local="132819368860000000" remote="132840603600000000" Dst="0" />
<file name="Belmond-Hotel-Sol-y-Luna.jpg" server="ftp.fatcow.com" local="132819368860000000" remote="132840603600000000" Dst="0" />
<file name="Belmond-sanctuary-lodge-peru.jpg" server="ftp.fatcow.com" local="132819368880000000" remote="132840603600000000" Dst="0" />
<file name="Hotel-titilaka-puno.jpg" server="ftp.fatcow.com" local="132819368880000000" remote="132840603600000000" Dst="0" />
<file name="Miraflores-park-hotel-peru.jpg" server="ftp.fatcow.com" local="132819368880000000" remote="132840604200000000" Dst="0" />
<file name="Parques-en-Arequipa.jpg" server="ftp.fatcow.com" local="132819368880000000" remote="132840604200000000" Dst="0" />
<file name="Peru-Arenero-y-Sandboarding-en-Huacachina.jpg" server="ftp.fatcow.com" local="132819368900000000" remote="132840604200000000" Dst="0" />
<file name="Puerto-Maldonado.jpg" server="ftp.fatcow.com" local="132819368900000000" remote="132840604200000000" Dst="0" />
<file name="bookAET.JPG" server="ftp.fatcow.com" local="132819368900000000" remote="132840603600000000" Dst="0" />
<file name="bookAET.jfif" server="ftp.fatcow.com" local="132819368900000000" remote="132840603600000000" Dst="0" />
<file name="destino-cusco-peru.jpg" server="ftp.fatcow.com" local="132819368900000000" remote="132840603600000000" Dst="0" />
<file name="inkaterra-reserva-amazonica.jpg" server="ftp.fatcow.com" local="132819368920000000" remote="132840603600000000" Dst="0" />
<file name="parque-del-amor-lima.jpg" server="ftp.fatcow.com" local="132819368920000000" remote="132840604200000000" Dst="0" />
<file name="hotelsdotcom-hacienda-inkaterra.jpg" server="ftp.fatcow.com" local="132820108860000000" remote="132840603600000000" Dst="0" />
<file name="per_cusco-casa-cartagena.jpg" server="ftp.fatcow.com" local="132820107680000000" remote="132840604200000000" Dst="0" />
<file name="junior-suite-hotel-b-lima.jpg" server="ftp.fatcow.com" local="132820105540000000" remote="132840604200000000" Dst="0" />
</dwsync>